Workbook

Sheet Inputs
A1: Longhorn v1.12.0 Sizing — Inputs
A2: Parameter | B2: Value | C2: Description
A3: Number of storage nodes (N) | B3: 3 | C3: Nodes running Longhorn replicas
A4: Total volumes (V) | B4: 20 | C4: Cluster-wide Longhorn PVCs
A5: Replica factor (R) | B5: 3 | C5: 2 or 3 (StorageClass replicaCount)
A6: Required usable storage (GiB) | B6: 1000 | C6: Net usable capacity after replication
A7: Avg volume size (GiB) | B7: =B6/B4 | C7: U_GiB / V (computed)
A8: Data engine | B8: V1 | C8: V1 (iSCSI) or V2 (SPDK/NVMe)
A9: Disk type | B9: dedicated | C9: root or dedicated
A10: Host reserve % | B10: =IF(B9="dedicated",10,25) | C10: Auto: 25% root, 10% dedicated
A11: Over-provisioning % | B11: 100 | C11: Settings default = 100; raise to 200 for thin workloads
A12: Snapshot margin % | B12: 20 | C12: COW slack (10-30% recommended)
A13: Node allocatable CPU cores | B13: 8 | C13: Per-node allocatable cores
A14: Node RAM (GiB) | B14: 32 | C14: Per-node total memory
A15: Replicas per node (computed) | B15: =CEILING(B4*B5/B3,1) | C15: CEILING(V*R/N, 1)
A17: Yellow cells = user inputs
A18: All other cells are computed from formulas

Sheet Disk Sizing
A1: Disk Sizing
A2: Step | B2: Value (GiB) | C2: Formula / Notes
A3: 1. Raw capacity per node | B3: =(Inputs!B6*(1+Inputs!B12/100)*Inputs!B5)/Inputs!B3 | C3: (U_GiB * (1 + SNAP%/100) * R) / N
A4: 2. After host reserve | B4: =B3/(1-Inputs!B10/100) | C4: raw_per_node / (1 - HOST_RESERVE%/100)
A5: 3. Physical disk per node | B5: =B4/(Inputs!B11/100) | C5: schedulable / (OVERPROV% / 100)
A7: Cluster total disk (GiB) | B7: =B5*Inputs!B3 | C7: physical_disk_per_node * N

Sheet CPU Sizing
A1: CPU Sizing (millicores per node)
A3: V1 Data Engine
A4: Component | B4: CPU (m) | C4: Status | D4: Notes
A5: longhorn-manager (request) | B5: 250 | D5: Recommended production value — https://longhorn.io/docs/1.12.0/best-practices/
A6: engine-image DaemonSet | B6: 3 | D6: Observed via kubectl top
A7: Instance Manager CPU % | B7: =CEILING((Inputs!B15*0.1)/Inputs!B13*100,1) | D7: CEILING((replicas_per_node * 0.1) / cores * 100, 1)
A8: Instance Manager CPU (m) | B8: =B7/100*Inputs!B13*1000 | D8: cpu_im_pct/100 * cores * 1000
A9: TOTAL V1 CPU per node (m) | B9: =B5+B6+B8
A10: 25% node CPU budget (m) | B10: =Inputs!B13*1000*0.25 | D10: Advisory guideline — https://longhorn.io/blog/longhorn-v1.1.0/
A11: V1 budget status | C11: =IF(B9>B10,"EXCEEDS 25% BUDGET","OK")
A13: V2 Data Engine (SPDK)
A14: Component | B14: CPU (m) | C14: Status | D14: Notes
A15: Guaranteed IM CPU V2 (spdk_tgt) | B15: 1250 | D15: Best-practices recommendation; spdk_tgt pins 1 core
A16: longhorn-manager (request) | B16: 250
A17: engine-image DaemonSet | B17: 3
A18: TOTAL V2 CPU per node (m) | B18: =B15+B16+B17
A20: Active engine selection | B20: =Inputs!B8
A21: Active CPU total (m) | B21: =IF(Inputs!B8="V2",B18,B9)

Sheet Memory Sizing
A1: Memory Sizing (GiB per node)
A3: V1 Data Engine
A4: Component | B4: GiB | C4: Notes
A5: longhorn-manager (request) | B5: 0.25
A6: instance-manager idle baseline | B6: 0.02 | C6: Observed ~15-20 MiB
A7: Rebuild buffer (~0.05 GiB/replica) | B7: =Inputs!B15*0.05 | C7: Safety margin, not a hard Longhorn constant
A8: TOTAL V1 RAM per node (GiB) | B8: =B5+B6+B7
A10: V2 Data Engine (SPDK)
A11: Component | B11: GiB | C11: Notes
A12: longhorn-manager (request) | B12: 0.25
A13: instance-manager V2 (excl. hugepages) | B13: 0.13 | C13: Observed via kubectl top — https://documentation.suse.com/cloudnative/storage/1.10/en/longhorn-system/v2-data-engine/quick-start-guide.html
A14: HugePages (mandatory) | B14: 2 | C14: 1024 x 2 MiB pages = 2 GiB per node
A15: TOTAL V2 RAM per node (GiB) | B15: =B12+B13+B14
A17: Active engine selection | B17: =Inputs!B8
A18: Active RAM total (GiB) | B18: =IF(Inputs!B8="V2",B15,B8)

Sheet Summary
A1: Longhorn v1.12.0 — Sizing Summary
A2: Engine selected: | B2: =Inputs!B8
A4: Resource | B4: Per Node | C4: Whole Cluster | D4: Notes
A5: Disk (GiB) | B5: ='Disk Sizing'!B5 | C5: =B5*Inputs!B3
A6: CPU reserved (m) | B6: =IF(Inputs!B8="V2",'CPU Sizing'!B18,'CPU Sizing'!B9) | C6: =B6*Inputs!B3
A7: RAM reserved (GiB) | B7: =IF(Inputs!B8="V2",'Memory Sizing'!B15,'Memory Sizing'!B8) | C7: =B7*Inputs!B3
A8: HugePages (GiB) | B8: =IF(Inputs!B8="V2",2,0) | C8: =B8*Inputs!B3
A9: V2 kernel requirement | B9: =IF(Inputs!B8="V2","5.19 min / 6.7+ recommended","N/A")
A10: CPU as % of node | B10: =B6/(Inputs!B13*1000)*100 | C10: %
A11: RAM as % of node | B11: =B7/Inputs!B14*100 | C11: %
A13: Note: If dataLocality=best-effort is set, one replica is co-located with the workload pod, increasing CPU pressure on that node. The formulas above already account for worst-case REPLICAS_PER_NODE.

Sheet Warnings
A1: Validation Warnings
A2: Check | B2: Result | C2: Detail
A3: V2: HugePages fit in node RAM? | B3: =IF(Inputs!B8="V2",IF(Inputs!B14>=2,"OK","FAIL"),"N/A (V1)") | C3: =IF(Inputs!B8="V2","Need 2 GiB hugepages; node has "&Inputs!B14&" GiB RAM","")
A4: Longhorn CPU <= 25% of node? | B4: =IF(Summary!B10>25,"WARN","OK") | C4: =IF(Summary!B10>25,"Longhorn uses "&TEXT(Summary!B10,"0.0")&"% of node CPU (advisory limit 25%)","")
A5: Replica count <= node count? | B5: =IF(Inputs!B5>Inputs!B3,"FAIL","OK") | C5: =IF(Inputs!B5>Inputs!B3,"R="&Inputs!B5&" > N="&Inputs!B3&" — anti-affinity impossible","")
A6: Over-provisioning safe for disk type? | B6: =IF(AND(Inputs!B9="root",Inputs!B11>200),"WARN","OK") | C6: =IF(AND(Inputs!B9="root",Inputs!B11>200),"Over-provisioning "&Inputs!B11&"% on root disk is dangerous","")
A7: V2: Kernel version reminder | B7: =IF(Inputs!B8="V2","CHECK","N/A") | C7: =IF(Inputs!B8="V2","Ensure kernel >= 5.19 (min) and >= 6.7 (recommended for SPDK stability)","")
A8: V2: Block device reminder | B8: =IF(Inputs!B8="V2","CHECK","N/A") | C8: =IF(Inputs!B8="V2","V2 requires block-type disks (not directory/filesystem)","")

Sheet Network
A1: Replica Rebuild Time Estimates
A3: Average volume size (GiB): | B3: =Inputs!B7
A5: Network bandwidth | B5: Throughput (MiB/s) | C5: Rebuild time (min) | D5: Rebuild time (readable)
A6: 1 Gbps | B6: 128 | C6: =($B$3*1024)/B6/60 | D6: =IF(C6>=60,TEXT(INT(C6/60),"0")&" hr "&TEXT(MOD(C6,60),"0")&" min",TEXT(C6,"0.0")&" min")
A7: 10 Gbps | B7: 1280 | C7: =($B$3*1024)/B7/60 | D7: =IF(C7>=60,TEXT(INT(C7/60),"0")&" hr "&TEXT(MOD(C7,60),"0")&" min",TEXT(C7,"0.0")&" min")
A8: 25 Gbps | B8: 3200 | C8: =($B$3*1024)/B8/60 | D8: =IF(C8>=60,TEXT(INT(C8/60),"0")&" hr "&TEXT(MOD(C8,60),"0")&" min",TEXT(C8,"0.0")&" min")
A10: Assumes single-stream sequential write during rebuild.
